1,1.64324e-19,5.1749e-16,-1.59479e-17,5.03612e-16,-1.49993e-17,2.65413e-16,-5.21095e-18,5.1749e-16,-1.11571e-17
0.679996,0.0306834,-0.0311499,-0.00140557,-0.0311499,-0.00140557,0.0013564,6.12046e-05,-0.0311499,-0.00140557
0.351178,0.031757,-0.0447557,-0.00404725,-0.0447557,-0.00404725,0.00441475,0.000399225,-0.0447557,-0.00404725
0.0453292,0.00616967,-0.0426617,-0.00580661,-0.0426617,-0.00580661,0.00769501,0.00104735,-0.0426617,-0.00580661
-0.209399,-0.0381842,-0.0284924,-0.00519561,-0.0284924,-0.00519561,0.00995368,0.00181506,-0.0284924,-0.00519561
-0.391998,-0.0899091,-0.00701598,-0.00160919,-0.00701598,-0.00160919,0.0103651,0.00237735,-0.00701598,-0.00160919
-0.491045,-0.136194,0.0166115,0.00460728,0.0166115,0.00460728,0.00861776,0.00239018,0.0166115,0.00460728
-0.50576,-0.165163,0.0376066,0.012281,0.0376066,0.012281,0.00491621,0.00160546,0.0376066,0.012281
-0.445557,-0.168085,0.0522101,0.0196961,0.0522101,0.0196961,-0.000105421,-3.97695e-05,0.0522101,0.0196961
-0.328222,-0.141031,0.0581403,0.0249819,0.0581403,0.0249819,-0.00553738,-0.00237932,0.0581403,0.0249819
-0.17702,-0.0857121,0.0547915,0.0265297,0.0547915,0.0265297,-0.0103853,-0.00502849,0.0547915,0.0265297
-0.0172037,-0.00930961,0.043165,0.0233583,0.043165,0.0233583,-0.013763,-0.00744771,0.043165,0.0233583
0.127551,0.07665,0.0255594,0.0153596,0.0255594,0.0153596,-0.0150543,-0.00904666,0.0255594,0.0153596
0.23825,0.158214,0.00508608,0.00337749,0.00508608,0.00337749,-0.0140165,-0.00930791,0.00508608,0.00337749
0.302805,0.221379,-0.0149033,-0.0108958,-0.0149033,-0.0108958,-0.0108128,-0.00790519,-0.0149033,-0.0108958
0.317096,0.254533,-0.0313811,-0.0251896,-0.0313811,-0.0251896,-0.0059693,-0.00479155,-0.0313811,-0.0251896
0.284791,0.250527,-0.0421092,-0.0370428,-0.0421092,-0.0370428,-0.000271268,-0.000238631,-0.0421092,-0.0370428
0.216026,0.208041,-0.0459394,-0.0442412,-0.0459394,-0.0442412,0.00538243,0.00518347,-0.0459394,-0.0442412
0.125232,0.131989,-0.0429108,-0.0452261,-0.0429108,-0.0452261,0.0101375,0.0106845,-0.0429108,-0.0452261
0.0284997,0.0328875,-0.0341441,-0.0394009,-0.0341441,-0.0394009,0.0133269,0.0153787,-0.0341441,-0.0394009
-0.05907,-0.0747205,-0.0215643,-0.0272778,-0.0215643,-0.0272778,0.0145734,0.0184346,-0.0215643,-0.0272778
-0.125618,-0.17453,-0.00751175,-0.0104366,-0.00751175,-0.0104366,0.0138368,0.0192245,-0.00751175,-0.0104366
-0.164046,-0.251063,0.00568483,0.00870031,0.00568483,0.00870031,0.0113983,0.0174445,0.00568483,0.00870031
-0.172626,-0.29216,0.0160973,0.0272438,0.0160973,0.0272438,0.00779116,0.0131861,0.0160973,0.0272438
-0.154662,-0.290956,0.0224853,0.0423,0.0224853,0.0423,0.00368975,0.00694128,0.0224853,0.0423
-0.117351,-0.247029,0.0244385,0.0514441,0.0244385,0.0514441,-0.000218214,-0.000459351,0.0244385,0.0514441
-0.0700906,-0.166524,0.0223602,0.0531242,0.0223602,0.0531242,-0.00335372,-0.0079679,0.0223602,0.0531242
-0.0225797,-0.0612286,0.0173061,0.0469283,0.0173061,0.0469283,-0.00534007,-0.0144805,0.0173061,0.0469283
0.0169512,0.0532461,0.0107185,0.0336682,0.0107185,0.0336682,-0.0060527,-0.0190123,0.0107185,0.0336682
0.0430677,0.159887,0.00411178,0.0152648,0.00411178,0.0152648,-0.00561816,-0.0208571,0.00411178,0.0152648
0.0538172,0.242914,-0.0012289,-0.00554687,-0.0012289,-0.00554687,-0.00436542,-0.0197042,-0.0012289,-0.00554687
0.0506936,0.29021,-0.0044797,-0.0256453,-0.0044797,-0.0256453,-0.00274123,-0.015693,-0.0044797,-0.0256453
0.0379397,0.295152,-0.0054005,-0.0420132,-0.0054005,-0.0420132,-0.00120776,-0.00939579,-0.0054005,-0.0420132
0.0213626,0.25757,-0.00433032,-0.0522109,-0.00433032,-0.0522109,-0.000143519,-0.00173042,-0.00433032,-0.0522109
0.00692032,0.183684,-0.00206295,-0.0547563,-0.00206295,-0.0547563,0.000232931,0.00618263,-0.00206295,-0.0547563
-0.000632323,0.0850454,0.000366921,-0.0493497,0.000366921,-0.0493497,-9.81083e-05,0.0131952,0.000366921,-0.0493497
0.00122652,-0.0233286,0.00194051,-0.0369089,0.00194051,-0.0369089,-0.000962677,0.0183103,0.00194051,-0.0369089
0.0122732,-0.125325,0.00190097,-0.0194113,0.00190097,-0.0194113,-0.00204038,0.0208349,0.00190097,-0.0194113
0.0296311,-0.206217,-6.18419e-05,0.000430387,-6.18419e-05,0.000430387,-0.00294316,0.0204829,-6.18419e-05,0.000430387
0.0484375,-0.254875,-0.00372539,0.0196028,-0.00372539,0.0196028,-0.00330888,0.0174111,-0.00372539,0.0196028
0.0629407,-0.265348,-0.00836512,0.035266,-0.00836512,0.035266,-0.00289014,0.0121844,-0.00836512,0.035266
0.0678054,-0.237598,-0.0128962,0.0451898,-0.0128962,0.0451898,-0.00161964,0.00567541,-0.0128962,0.0451898
0.059361,-0.177296,-0.016099,0.0480836,-0.016099,0.0480836,0.0003621,-0.0010815,-0.016099,0.0480836
0.0365421,-0.0947267,-0.0168842,0.0437682,-0.0168842,0.0437682,0.00272315,-0.00705913,-0.0168842,0.0437682
0.00132672,-0.00302544,-0.0145446,0.0331675,-0.0145446,0.0331675,0.00499889,-0.0113995,-0.0145446,0.0331675
-0.0414261,0.0839594,-0.00894328,0.0181256,-0.00894328,0.0181256,0.00668224,-0.0135431,-0.00894328,0.0181256
-0.0847245,0.153823,-0.000597184,0.00108423,-0.000597184,0.00108423,0.00732847,-0.0133053,-0.000597184,0.00108423
-0.120652,0.197434,0.00936357,-0.0153224,0.00936357,-0.0153224,0.0066539,-0.0108884,0.00936357,-0.0153224
-0.141822,0.210159,0.0193592,-0.0286874,0.0193592,-0.0286874,0.00460858,-0.00682921,0.0193592,-0.0286874
-0.142807,0.192316,0.027621,-0.0371966,0.027621,-0.0371966,0.00140711,-0.00189492,0.027621,-0.0371966
-0.121286,0.148818,0.0325044,-0.0398828,0.0325044,-0.0398828,-0.00249039,0.00305569,0.0325044,-0.0398828
-0.0786781,0.0881093,0.0328001,-0.0367318,0.0328001,-0.0367318,-0.00644634,0.00721907,0.0328001,-0.0367318
-0.0201335,0.0205976,0.0279841,-0.0286292,0.0279841,-0.0286292,-0.00975234,0.00997714,0.0279841,-0.0286292
0.0461357,-0.0431265,0.0183611,-0.0171636,0.0183611,-0.0171636,-0.0117562,0.0109894,0.0183611,-0.0171636
0.110096,-0.0939834,0.00506914,-0.00432725,0.00506914,-0.00432725,-0.011987,0.0102327,0.00506914,-0.00432725
0.161502,-0.125735,-0.010061,0.00783282,-0.010061,0.00783282,-0.0102545,0.00798345,-0.010061,0.00783282
0.191597,-0.135751,-0.0247717,0.0175513,-0.0247717,0.0175513,-0.00670347,0.00474956,-0.0247717,0.0175513
0.194636,-0.125121,-0.0367308,0.0236123,-0.0367308,0.0236123,-0.00181158,0.00116457,-0.0367308,0.0236123
0.168938,-0.0981318,-0.0439109,0.0255067,-0.0439109,0.0255067,0.00367334,-0.00213375,-0.0439109,0.0255067
0.117303,-0.0612402,-0.0449344,0.0234588,-0.0449344,0.0234588,0.00884659,-0.00461852,-0.0449344,0.0234588
0.0466944,-0.0217581,-0.0393233,0.0183234,-0.0393233,0.0183234,0.0127939,-0.00596157,-0.0393233,0.0183234
-0.0327684,0.0135064,-0.0276111,0.0113807,-0.0276111,0.0113807,0.0147483,-0.00607895,-0.0276111,0.0113807
-0.10935,0.0394046,-0.0112933,0.00406959,-0.0112933,0.00406959,0.0142291,-0.00512749,-0.0112933,0.00406959
-0.171528,0.0532056,0.00737751,-0.00228841,0.00737751,-0.00228841,0.0111389,-0.00345514,0.00737751,-0.00228841
-0.209811,0.0548457,0.0257238,-0.00672433,0.0257238,-0.00672433,0.00580058,-0.0015163,0.0257238,-0.00672433
-0.218252,0.0466538,0.0410483,-0.00877453,0.0410483,-0.00877453,-0.00107564,0.00022993,0.0410483,-0.00877453
-0.195401,0.0326373,0.0510504,-0.0085268,0.0510504,-0.0085268,-0.00849062,0.00141816,0.0510504,-0.0085268
-0.144552,0.0174897,0.0541848,-0.00655595,0.0541848,-0.00655595,-0.0153065,0.00185197,0.0541848,-0.00655595
-0.0732324,0.00552592,0.0499065,-0.00376581,0.0499065,-0.00376581,-0.0204255,0.00154125,0.0499065,-0.00376581
0.00797138,-0.000240987,0.0387609,-0.0011718,0.0387609,-0.0011718,-0.0229674,0.000694341,0.0387609,-0.0011718
0.0870662,0.00129477,0.0223062,0.000331717,0.0223062,0.000331717,-0.0224184,-0.000333385,0.0223062,0.000331717
0.152513,0.00915598,0.00287797,0.000172777,0.00287797,0.000172777,-0.0187235,-0.00112405,0.00287797,0.000172777
0.194991,0.0205604,-0.0167642,-0.00176767,-0.0167642,-0.00176767,-0.0123089,-0.00129788,-0.0167642,-0.00176767
0.208797,0.031588,-0.0338533,-0.00512151,-0.0338533,-0.00512151,-0.00402725,-0.000609265,-0.0338533,-0.00512151
0.192642,0.0380965,-0.0460279,-0.0091024,-0.0460279,-0.0091024,0.00496543,0.000981955,-0.0460279,-0.0091024
0.149748,0.0366985,-0.0516779,-0.0126646,-0.0516779,-0.0126646,0.0133829,0.00327973,-0.0516779,-0.0126646
0.0872378,0.0255987,-0.0501695,-0.0147215,-0.0501695,-0.0147215,0.0200044,0.00587001,-0.0501695,-0.0147215
0.0149217,0.00511967,-0.0419164,-0.0143816,-0.0419164,-0.0143816,0.0238613,0.00818687,-0.0419164,-0.0143816
-0.0562911,-0.0221972,-0.0282896,-0.0111554,-0.0282896,-0.0111554,0.0243865,0.00961631,-0.0282896,-0.0111554
-0.116108,-0.0519482,-0.0113844,-0.00509355,-0.0113844,-0.00509355,0.0215,0.00961941,-0.0113844,-0.00509355
-0.156407,-0.0786233,0.00631605,0.00317498,0.00631605,0.00317498,0.0156204,0.00785216,0.00631605,0.00317498
